<?xml version="1.0"?>
<!DOCTYPE module PUBLIC
    "-//Puppy Crawl//DTD Check Configuration 1.2//EN"
    "http://www.puppycrawl.com/dtds/configuration_1_2.dtd">
<!--
   * Copyright 2022 Roland Gisler, HSLU Informatik, Switzerland.
   *
   * Licensed under the Apache License, Version 2.0 (the "License");
   * you may not use this file except in compliance with the License.
   * You may obtain a copy of the License at
   *
   * http://www.apache.org/licenses/LICENSE-2.0
   *
   * Unless required by applicable law or agreed to in writing, software
   * distributed under the License is distributed on an "AS IS" BASIS,
   * WITHOUT WARRANTIES OR CONDITIONS OF ANY KIND, either express or implied.
   * See the License for the specific language governing permissions and
   * limitations under the License.
-->
<module name="Checker">

   <!-- Checks whether files end with a new line. -->
   <!-- See http://checkstyle.sf.net/config_misc.html#NewlineAtEndOfFile -->
   <!-- module name="NewlineAtEndOfFile"/ -->

   <!-- Checks that property files contain the same keys. -->
   <!-- See http://checkstyle.sf.net/config_misc.html#Translation -->
   <module name="Translation" />

   <!-- Checks for Size Violations. -->
   <!-- See http://checkstyle.sf.net/config_sizes.html -->
   <module name="FileLength" />
   <module name="LineLength">
      <property name="max" value="120" />
   </module>

   <!-- Checks for whitespace -->
   <!-- See http://checkstyle.sf.net/config_whitespace.html -->
   <module name="FileTabCharacter" />

   <!-- Miscellaneous other checks. -->
   <!-- See http://checkstyle.sf.net/config_misc.html -->
   <module name="RegexpSingleline">
      <property name="format" value="\s+$" />
      <property name="minimum" value="0" />
      <property name="maximum" value="0" />
      <property name="message" value="Line has trailing spaces." />
   </module>

   <!-- Allows suppressing of checks -->
   <module name="SuppressWarningsFilter" />

   <module name="TreeWalker">

      <!-- Checks for Javadoc comments. -->
      <!-- See http://checkstyle.sf.net/config_javadoc.html -->
      <module name="JavadocMethod" />
      <module name="JavadocType" />
      <module name="JavadocVariable">
         <property name="excludeScope" value="private" />
      </module>
      <module name="JavadocStyle" />

      <!-- Checks for Naming Conventions. -->
      <!-- See http://checkstyle.sf.net/config_naming.html -->
      <module name="ConstantName" />
      <module name="LocalFinalVariableName" />
      <module name="LocalVariableName" />
      <module name="MemberName" />
      <module name="MethodName" />
      <module name="PackageName" />
      <module name="ParameterName" />
      <module name="StaticVariableName" />
      <module name="TypeName" />

      <!-- Checks for imports -->
      <!-- See http://checkstyle.sf.net/config_import.html -->
      <module name="AvoidStarImport" />
      <module name="IllegalImport" /> <!-- defaults to sun.* packages -->
      <module name="RedundantImport" />
      <module name="UnusedImports" />

      <!-- Checks for Size Violations. -->
      <!-- See http://checkstyle.sf.net/config_sizes.html -->
      <module name="MethodLength" />
      <module name="ParameterNumber" />

      <!-- Checks for whitespace -->
      <!-- See http://checkstyle.sf.net/config_whitespace.html -->
      <module name="EmptyForIteratorPad" />
      <module name="GenericWhitespace" />
      <module name="MethodParamPad" />
      <module name="NoWhitespaceAfter" />
      <module name="NoWhitespaceBefore" />
      <module name="OperatorWrap" />
      <module name="ParenPad" />
      <module name="TypecastParenPad" />
      <module name="WhitespaceAfter" />
      <module name="WhitespaceAround" />

      <!-- Modifier Checks -->
      <!-- See http://checkstyle.sf.net/config_modifiers.html -->
      <module name="ModifierOrder" />
      <module name="RedundantModifier" />

      <!-- Checks for blocks. You know, those {}'s -->
      <!-- See http://checkstyle.sf.net/config_blocks.html -->
      <module name="AvoidNestedBlocks" />
      <module name="EmptyBlock" />
      <module name="EmptyCatchBlock" />
      <module name="LeftCurly" />
      <module name="NeedBraces" />
      <module name="RightCurly" />

      <!-- Checks for common coding problems -->
      <!-- See http://checkstyle.sf.net/config_coding.html -->
      <module name="AvoidInlineConditionals" />
      <module name="EmptyStatement" />
      <module name="EqualsHashCode" />
      <module name="HiddenField">
         <property name="ignoreConstructorParameter" value="true" />
         <property name="ignoreSetter" value="true" />
      </module>
      <module name="IllegalInstantiation" />
      <module name="InnerAssignment" />
      <module name="MissingSwitchDefault" />
      <module name="OneStatementPerLine" />
      <module name="SimplifyBooleanExpression" />
      <module name="SimplifyBooleanReturn" />

      <!-- Checks for class design -->
      <!-- See http://checkstyle.sf.net/config_design.html -->
      <module name="DesignForExtension" />
      <module name="FinalClass" />
      <module name="HideUtilityClassConstructor" />
      <module name="InterfaceIsType" />
      <module name="VisibilityModifier" />

      <!-- Miscellaneous other checks. -->
      <!-- See http://checkstyle.sf.net/config_misc.html -->
      <module name="ArrayTypeStyle" />
      <module name="FinalParameters" />
      <module name="TodoComment" />
      <module name="UpperEll" />

      <!-- Allow suppressing of checks with annotations -->
      <module name="SuppressWarningsHolder" />
      <module name="AnnotationLocation" />
      <module name="AnnotationUseStyle" />
   </module>
</module>