<?xml version="1.0" encoding="UTF-8"?>
<!--
 * Copyright 2022 Roland Gisler, HSLU Informatik, Switzerland
 *
 * Licensed under the Apache License, Version 2.0 (the "License");
 * you may not use this file except in compliance with the License.
 * You may obtain a copy of the License at
 *
 * http://www.apache.org/licenses/LICENSE-2.0
 *
 * Unless required by applicable law or agreed to in writing, software
 * distributed under the License is distributed on an "AS IS" BASIS,
 * WITHOUT WARRANTIES OR CONDITIONS OF ANY KIND, either express or implied.
 * See the License for the specific language governing permissions and
 * limitations under the License.
-->
<Configuration status="INFO" monitorInterval="30">
    <Appenders>
        <Console name="Console" target="SYSTEM_OUT">
             <PatternLayout pattern="%style{%d{DEFAULT}}{White} %highlight{%-5level} - %msg%n" />
        </Console>
    </Appenders>
    <Loggers>
        <Root level="trace">
            <AppenderRef ref="Console" />
        </Root>
    </Loggers>
</Configuration>
