<?xml version="1.0" encoding="UTF-8"?>
<Configuration name="vsk_samples" status="warn" monitorInterval="30" strict="true">

   <Appenders>
      <Console name="Console" type="Console" target="SYSTEM_OUT">
         <PatternLayout pattern="%style{%d{DEFAULT}}{White} %highlight{%-5level} - %msg%n" />
      </Console>
      <Syslog name="Papertrail" id="hslu" appName="vsk_sample" protocol="UDP" Format="RFC5424" facility="LOCAL7"
         host="logs3.papertrailapp.com" port="27669" includeMDC="true" mdcId="mdc">
      </Syslog>
   </Appenders>

   <Loggers>
      <Root level="info">
         <AppenderRef ref="Console" />
         <!-- <AppenderRef ref="Papertrail" /> -->
      </Root>
   </Loggers>

</Configuration>